{
  "GET - Single Post" : {
    "transaction" : "GET - Single Post",
    "sampleCount" : 500,
    "errorCount" : 3,
    "errorPct" : 0.6,
    "meanResTime" : 243.47199999999975,
    "medianResTime" : 140.0,
    "minResTime" : 134.0,
    "maxResTime" : 17583.0,
    "pct1ResTime" : 282.90000000000003,
    "pct2ResTime" : 411.74999999999994,
    "pct3ResTime" : 1611.0200000000082,
    "throughput" : 1.3576220977433604,
    "receivedKBytesPerSec" : 0.7467876115625959,
    "sentKBytesPerSec" : 0.2306896923899851
  },
  "GET - All Posts (Homepage Feed)" : {
    "transaction" : "GET - All Posts (Homepage Feed)",
    "sampleCount" : 500,
    "errorCount" : 1,
    "errorPct" : 0.2,
    "meanResTime" : 216.85399999999993,
    "medianResTime" : 141.0,
    "minResTime" : 134.0,
    "maxResTime" : 7068.0,
    "pct1ResTime" : 322.0,
    "pct2ResTime" : 407.84999999999997,
    "pct3ResTime" : 565.8500000000001,
    "throughput" : 1.362178832285818,
    "receivedKBytesPerSec" : 0.7508265871426664,
    "sentKBytesPerSec" : 0.23146398126731668
  },
  "GET - Post Comments" : {
    "transaction" : "GET - Post Comments",
    "sampleCount" : 500,
    "errorCount" : 0,
    "errorPct" : 0.0,
    "meanResTime" : 187.42999999999978,
    "medianResTime" : 140.0,
    "minResTime" : 134.0,
    "maxResTime" : 7071.0,
    "pct1ResTime" : 273.0,
    "pct2ResTime" : 368.84999999999997,
    "pct3ResTime" : 684.4900000000005,
    "throughput" : 1.3624460811963366,
    "receivedKBytesPerSec" : 0.7517402694100881,
    "sentKBytesPerSec" : 0.23150939270328375
  },
  "POST - Create New Post" : {
    "transaction" : "POST - Create New Post",
    "sampleCount" : 500,
    "errorCount" : 1,
    "errorPct" : 0.2,
    "meanResTime" : 215.67800000000005,
    "medianResTime" : 140.0,
    "minResTime" : 135.0,
    "maxResTime" : 17629.0,
    "pct1ResTime" : 273.90000000000003,
    "pct2ResTime" : 344.5999999999999,
    "pct3ResTime" : 925.9700000000009,
    "throughput" : 1.3608108255222793,
    "receivedKBytesPerSec" : 1.1598865755671859,
    "sentKBytesPerSec" : 0.38804371196533743
  },
  "Total" : {
    "transaction" : "Total",
    "sampleCount" : 3500,
    "errorCount" : 8,
    "errorPct" : 0.22857143,
    "meanResTime" : 215.93257142857124,
    "medianResTime" : 140.0,
    "minResTime" : 134.0,
    "maxResTime" : 18227.0,
    "pct1ResTime" : 279.9000000000001,
    "pct2ResTime" : 376.9499999999998,
    "pct3ResTime" : 697.9799999999996,
    "throughput" : 9.24790733068403,
    "receivedKBytesPerSec" : 6.010845607177962,
    "sentKBytesPerSec" : 1.9004139924801302
  },
  "GET - All Users" : {
    "transaction" : "GET - All Users",
    "sampleCount" : 500,
    "errorCount" : 1,
    "errorPct" : 0.2,
    "meanResTime" : 222.16999999999996,
    "medianResTime" : 139.0,
    "minResTime" : 134.0,
    "maxResTime" : 16024.0,
    "pct1ResTime" : 242.7000000000001,
    "pct2ResTime" : 343.0,
    "pct3ResTime" : 754.930000000001,
    "throughput" : 1.3621899655638376,
    "receivedKBytesPerSec" : 0.7508327237533238,
    "sentKBytesPerSec" : 0.23146587305479274
  },
  "DELETE - Remove Post" : {
    "transaction" : "DELETE - Remove Post",
    "sampleCount" : 500,
    "errorCount" : 1,
    "errorPct" : 0.2,
    "meanResTime" : 229.9380000000002,
    "medianResTime" : 140.0,
    "minResTime" : 134.0,
    "maxResTime" : 18227.0,
    "pct1ResTime" : 290.0,
    "pct2ResTime" : 403.0,
    "pct3ResTime" : 697.98,
    "throughput" : 1.3619710444955941,
    "receivedKBytesPerSec" : 0.8754866918404315,
    "sentKBytesPerSec" : 0.26467991977990546
  },
  "PUT - Update Post" : {
    "transaction" : "PUT - Update Post",
    "sampleCount" : 500,
    "errorCount" : 1,
    "errorPct" : 0.2,
    "meanResTime" : 195.98599999999996,
    "medianResTime" : 140.0,
    "minResTime" : 135.0,
    "maxResTime" : 10697.0,
    "pct1ResTime" : 262.90000000000003,
    "pct2ResTime" : 348.1499999999998,
    "pct3ResTime" : 697.8600000000001,
    "throughput" : 1.360336928250389,
    "receivedKBytesPerSec" : 1.1568310551657435,
    "sentKBytesPerSec" : 0.3799378530074329
  }
}